City_ID,City,Country,Lat,Lng,Max Temp,Humidity,Cloudiness,Wind Speed,Current Description
0,Butaritari,KI,3.0707,172.7902,27.32,76,80,4.25,broken clouds
1,Chumikan,RU,54.7183,135.315,-23.69,93,98,4.8,overcast clouds
2,Kapaa,US,22.0752,-159.319,25.18,84,75,5.66,light rain
3,Hermanus,ZA,-34.4187,19.2345,18.28,73,85,5.99,overcast clouds
4,Vaini,TO,-21.2,-175.2,25.09,83,75,3.6,broken clouds
5,Airai,TL,-8.9266,125.4092,16.59,88,98,0.52,overcast clouds
6,Ushuaia,AR,-54.8,-68.3,11.81,47,40,6.17,scattered clouds
7,Srednekolymsk,RU,67.45,153.6833,-33.2,100,96,2.95,overcast clouds
8,Grindavik,IS,63.8424,-22.4338,-1.74,74,90,3.6,overcast clouds
9,Albany,US,42.6001,-73.9662,5.81,69,99,0.45,overcast clouds
10,Grand Gaube,MU,-20.0064,57.6608,25.22,72,8,1.34,clear sky
11,Borogontsy,RU,62.6683,131.1683,-30.44,98,82,2.21,broken clouds
12,Atuona,PF,-9.8,-139.0333,25.78,78,35,10.57,light rain
13,Artur Nogueira,BR,-22.5731,-47.1725,30.69,36,15,3.23,few clouds
14,Cherskiy,RU,68.75,161.3,-29.86,98,100,2.29,overcast clouds
15,East London,ZA,-33.0153,27.9116,21.52,78,20,7.2,few clouds
16,Montenegro,ME,42.5,19.3,6.15,70,40,1.03,scattered clouds
17,Padang,ID,-0.9492,100.3543,26.03,86,22,1.29,few clouds
18,Avarua,CK,-21.2078,-159.775,25.03,94,40,3.6,light rain
19,Esperance,AU,-33.8667,121.9,12.91,78,43,3.51,scattered clouds
20,Tolbazy,RU,54.0241,55.8825,2.42,92,96,6.57,overcast clouds
21,Mataura,NZ,-46.1927,168.8643,10.27,99,26,0.96,scattered clouds
22,Georgetown,MY,5.4112,100.3354,26.96,92,20,1.54,heavy intensity rain
23,Norman Wells,CA,65.282,-126.8329,-30.98,62,90,2.57,light snow
24,Baykalsk,RU,51.5058,104.1469,-3.05,72,99,2.46,overcast clouds
25,Ndele,CF,8.4109,20.6473,29.55,28,76,1.94,broken clouds
26,Santo Antonio Do Taua,BR,-1.1519,-48.1294,29.97,51,97,1.99,overcast clouds
27,Tasiilaq,GL,65.6145,-37.6368,-6.31,94,100,11.63,snow
28,Cape Town,ZA,-33.9258,18.4232,19.08,58,90,8.04,overcast clouds
29,Izsak,HU,46.8045,19.3517,7.24,72,81,5.9,broken clouds
30,Fortuna,US,40.5982,-124.1573,10.19,93,1,2.57,clear sky
31,Naze,JP,28.3667,129.4833,13.57,71,99,8.12,overcast clouds
32,Bluff,NZ,-46.6,168.3333,10.45,91,11,1.55,few clouds
33,Bac Lieu,VN,9.285,105.7244,24.73,84,31,4.45,scattered clouds
34,Lebu,CL,-37.6167,-73.65,15.47,64,100,2.74,overcast clouds
35,High Prairie,CA,55.4334,-116.4858,3.61,76,65,3.95,broken clouds
36,Jamestown,US,42.097,-79.2353,4.49,75,75,4.63,broken clouds
37,Punta Arenas,CL,-53.15,-70.9167,13.06,38,40,10.29,scattered clouds
38,Tuy Hoa,VN,13.0833,109.3,21.98,86,100,5.66,overcast clouds
39,Mashhad,IR,36.297,59.6062,14.08,47,0,3.09,clear sky
40,Rawson,AR,-43.3002,-65.1023,23.79,27,71,4.28,broken clouds
41,Ouango,CF,4.3133,22.5552,25.65,73,95,0.44,overcast clouds
42,Jiuquan,CN,39.7432,98.5174,-4.13,37,0,1.1,clear sky
43,Lerwick,GB,60.1545,-1.1494,1.0,73,94,12.56,light rain
44,Komsomolskiy,UZ,40.4272,71.7189,4.68,69,0,3.09,mist
45,Tourlaville,FR,49.6383,-1.5664,9.33,81,75,5.66,broken clouds
46,Qaanaaq,GL,77.484,-69.3632,-12.32,84,100,1.84,overcast clouds
47,Darhan,MN,49.4867,105.9228,-10.79,90,100,1.43,overcast clouds
48,Anori,BR,-3.7728,-61.6442,29.47,77,100,0.23,overcast clouds
49,Busselton,AU,-33.65,115.3333,10.6,88,0,4.2,clear sky
50,Klaksvik,FO,62.2266,-6.589,0.51,70,100,14.97,light snow
51,Bridlington,GB,54.0831,-0.1919,5.1,63,100,14.16,overcast clouds
52,Lorengau,PG,-2.0226,147.2712,27.31,74,100,1.15,overcast clouds
53,Nikolskoye,RU,59.7035,30.7861,-7.06,92,76,2.57,broken clouds
54,Port Macquarie,AU,-31.4333,152.9167,18.98,100,90,3.6,overcast clouds
55,Rikitea,PF,-23.1203,-134.9692,24.46,70,1,8.63,clear sky
56,Daru,PG,-9.0763,143.2092,27.25,86,100,3.19,moderate rain
57,Asau,RO,46.4333,26.4,3.31,57,73,2.66,broken clouds
58,Saint-Denis,FR,48.9167,2.3333,8.46,81,75,1.34,broken clouds
59,Taltal,CL,-25.4,-70.4833,19.39,68,7,3.83,clear sky
60,Vostok,RU,46.4856,135.8833,-19.04,96,100,3.96,light snow
61,Ixtapa,MX,20.7,-105.2,25.57,57,75,1.03,broken clouds
62,Mvuma,ZW,-19.2792,30.5283,25.82,27,17,4.61,few clouds
63,Saint-Philippe,RE,-21.3585,55.7679,24.77,74,8,4.83,clear sky
64,Nieuwpoort,BE,51.1244,2.7735,8.94,76,90,9.26,light intensity shower rain
65,Pafos,CY,34.7667,32.4167,16.88,51,90,10.29,overcast clouds
66,Port Blair,IN,11.6667,92.75,26.8,84,100,10.07,moderate rain
67,Itarema,BR,-2.9248,-39.9167,31.53,57,76,6.93,broken clouds
68,Yafran,LY,32.0633,12.5286,11.84,41,0,2.3,clear sky
69,Oulainen,FI,64.2667,24.8,-5.97,95,100,2.31,light snow
70,Saint-Augustin,CA,51.226,-58.6502,-4.37,77,9,4.4,clear sky
71,Santa Maria,BR,-29.6842,-53.8069,26.61,44,75,3.09,broken clouds
72,Ulladulla,AU,-35.35,150.4667,17.5,94,9,1.21,clear sky
73,Hurghada,EG,27.2574,33.8129,23.02,40,9,12.86,sand
74,Hobart,AU,-42.8794,147.3294,15.57,83,90,2.06,overcast clouds
75,Ahipara,NZ,-35.1667,173.1667,15.88,92,100,1.47,overcast clouds
76,Barrow,US,71.2906,-156.7887,-27.99,76,1,3.6,clear sky
77,Luau,AO,-10.7073,22.2247,21.7,84,100,2.36,overcast clouds
78,Tuktoyaktuk,CA,69.4541,-133.0374,-33.0,75,20,1.03,few clouds
79,Carnarvon,AU,-24.8667,113.6333,21.04,78,75,8.75,broken clouds
80,Saquarema,BR,-22.92,-42.5103,28.08,85,6,4.11,clear sky
81,Olafsvik,IS,64.8945,-23.7142,-0.93,67,100,5.99,overcast clouds
82,Namatanai,PG,-3.6667,152.4333,26.41,80,91,2.64,overcast clouds
83,Geraldton,AU,-28.7667,114.6,17.23,67,75,6.69,broken clouds
84,Thompson,CA,55.7435,-97.8558,-17.91,85,90,6.17,light snow
85,Kavaratti,IN,10.5669,72.642,27.57,79,56,5.58,broken clouds
86,Eydhafushi,MV,5.1033,73.0708,27.96,75,20,2.57,few clouds
87,Eureka,US,40.8021,-124.1637,10.34,62,25,0.76,scattered clouds
88,Rupert,US,42.6191,-113.6772,8.94,75,90,0.0,overcast clouds
89,Bontang,ID,0.1333,117.5,25.77,86,100,1.97,overcast clouds
90,Guacimo,CR,10.2104,-83.6807,30.32,88,100,0.83,overcast clouds
91,Oxelosund,SE,58.6706,17.1015,-5.79,86,90,2.06,overcast clouds
92,Hualmay,PE,-11.0964,-77.6139,21.57,72,88,4.11,overcast clouds
93,Russell,US,32.3502,-85.1999,20.55,48,75,2.55,broken clouds
94,Port Hedland,AU,-20.3167,118.5667,28.03,78,3,5.14,clear sky
95,Witu,KE,-2.3889,40.4382,28.09,80,90,3.47,light rain
96,Cortez,US,37.3489,-108.5859,15.39,31,1,0.0,clear sky
97,Yellowknife,CA,62.456,-114.3525,-21.44,88,90,0.89,mist
98,Khandyga,RU,62.6667,135.6,-36.77,97,21,0.91,few clouds
99,Belyy Yar,RU,53.6039,91.3903,-10.06,86,57,2.0,smoke
100,Mungwi,ZM,-10.1732,31.3694,24.74,39,70,2.5,broken clouds
101,Palakkad,IN,10.7833,76.65,27.03,93,17,1.49,few clouds
102,Glencoe,ZA,-28.1783,30.147,20.21,74,78,2.6,broken clouds
103,Chuy,UY,-33.6971,-53.4616,20.74,52,59,4.91,broken clouds
104,Areia Branca,BR,-4.9561,-37.1369,37.11,63,89,8.64,overcast clouds
105,Lakhisarai,IN,25.1768,86.0932,18.76,47,67,1.46,broken clouds
106,Balykshi,KZ,47.0667,51.8667,5.0,93,40,5.0,mist
107,Longyearbyen,SJ,78.2186,15.6401,-15.09,72,20,2.06,few clouds
108,Miles City,US,46.4083,-105.8406,20.28,34,1,12.86,clear sky
109,Toda Raisingh,IN,26.0252,75.4849,19.1,39,100,1.23,overcast clouds
110,Daniel Flores,CR,9.3355,-83.6694,24.16,82,87,0.57,overcast clouds
111,Arraial Do Cabo,BR,-22.9661,-42.0278,27.98,78,20,7.2,few clouds
112,Bredasdorp,ZA,-34.5322,20.0403,17.38,69,95,5.1,overcast clouds
113,Lavaltrie,CA,45.8834,-73.2824,0.59,51,29,4.12,scattered clouds
114,Kyle,US,29.9984,-97.8715,22.91,83,40,3.27,scattered clouds
115,Razgrad,BG,43.5333,26.5167,4.43,74,9,2.71,clear sky
116,Port Elizabeth,ZA,-33.918,25.5701,22.28,77,0,5.14,clear sky
117,Axim,GH,4.8699,-2.2405,27.11,78,74,3.29,broken clouds
118,Korla,CN,41.7597,86.1469,-4.61,72,0,0.79,clear sky
119,Sinjai,ID,-5.1241,120.253,24.88,79,100,1.81,overcast clouds
120,Narsaq,GL,60.9167,-46.05,3.12,91,98,12.29,light rain
121,Yaizu,JP,34.8667,138.3333,6.17,55,3,9.02,clear sky
122,San Ramon,US,37.7799,-121.978,18.31,83,1,0.0,clear sky
123,Boras,SE,57.721,12.9401,-3.98,90,100,7.14,snow
124,Singaparna,ID,-7.3515,108.111,21.65,95,99,0.49,overcast clouds
125,Laguna,US,38.421,-121.4238,22.34,90,1,0.45,mist
126,Muros,ES,42.7762,-9.0603,12.69,86,100,6.83,overcast clouds
127,Sindor,RU,62.8629,51.8905,-3.99,94,100,3.21,overcast clouds
128,Tiksi,RU,71.6872,128.8694,-32.26,99,96,2.51,overcast clouds
129,Luderitz,NA,-26.6481,15.1594,18.63,67,0,10.87,clear sky
130,Bubaque,GW,11.2833,-15.8333,27.96,62,63,5.73,broken clouds
131,Concordia,AR,-31.393,-58.0209,27.1,48,75,3.58,broken clouds
132,Isangel,VU,-19.55,169.2667,25.6,85,48,4.95,scattered clouds
133,New Norfolk,AU,-42.7826,147.0587,15.37,72,95,0.76,overcast clouds
134,Mayo,US,38.8876,-76.5119,14.49,56,8,2.68,clear sky
135,Maningrida,AU,-12.0667,134.2667,28.38,76,30,1.67,scattered clouds
136,Saint-Prosper,CA,46.2117,-70.4811,-0.18,81,100,7.24,light snow
137,Raga,SS,8.4596,25.678,28.76,24,99,2.0,overcast clouds
138,Torbay,CA,47.6666,-52.7314,5.93,70,75,7.2,broken clouds
139,Muli,MV,2.9167,73.5667,27.61,78,78,3.39,broken clouds
140,Kavieng,PG,-2.5744,150.7967,27.78,72,33,3.58,scattered clouds
141,Kalmunai,LK,7.4167,81.8167,25.52,80,34,0.95,scattered clouds
142,Vinh,VN,18.6667,105.6667,16.34,75,23,2.33,few clouds
143,Sechura,PE,-5.5569,-80.8222,24.95,59,99,6.07,overcast clouds
144,Karpogory,RU,64.0019,44.4451,-6.01,95,99,3.42,overcast clouds
145,Inhambane,MZ,-23.865,35.3833,24.99,78,40,3.09,scattered clouds
146,Dingle,PH,10.9995,122.6711,24.09,92,100,2.65,light rain
147,Mocuba,MZ,-16.8392,36.9856,25.5,81,33,3.03,light rain
148,Nampa,US,43.5407,-116.5635,16.02,100,1,2.06,mist
149,Roma,US,43.2128,-75.4557,5.62,72,90,4.63,overcast clouds
150,Portland,US,45.5234,-122.6762,14.47,93,75,0.0,broken clouds
151,Ponta Do Sol,PT,32.6667,-17.1,20.4,70,24,3.32,few clouds
152,Bestobe,KZ,52.4994,73.0975,-7.16,76,90,4.82,overcast clouds
153,Takoradi,GH,4.8845,-1.7554,27.4,76,74,3.87,broken clouds
154,Pevek,RU,69.7008,170.3133,-19.87,96,100,4.15,light snow
155,Acapulco,MX,16.8634,-99.8901,29.9,62,20,1.54,few clouds
156,Ravar,IR,31.2656,56.8055,14.25,31,36,1.29,scattered clouds
157,Sao Filipe,CV,14.8961,-24.4956,23.8,67,100,6.11,overcast clouds
158,Itaquyry,PY,-24.9333,-55.2167,31.12,22,0,1.09,clear sky
159,Coihaique,CL,-45.5752,-72.0662,12.34,76,90,2.57,light intensity shower rain
160,Phonhong,LA,18.5007,102.4166,17.73,83,25,0.75,scattered clouds
161,San Carlos,VE,9.6612,-68.5827,34.57,35,21,0.91,few clouds
162,Krasnoselkup,RU,65.7,82.4667,-19.81,95,99,6.48,overcast clouds
163,Bamiantong,CN,44.9333,130.5333,-11.74,83,20,5.84,few clouds
164,Victoria,HK,22.2855,114.1577,16.99,41,52,0.45,broken clouds
165,Namanga,KE,-2.5433,36.7905,19.75,73,83,3.46,broken clouds
166,Sinnamary,GF,5.3833,-52.95,26.2,88,99,5.37,moderate rain
167,Mar Del Plata,AR,-38.0023,-57.5575,17.01,81,0,7.15,clear sky
168,Gasa,PS,31.5,34.4667,18.99,66,62,6.87,broken clouds
169,Ternate,ID,0.8,127.4,27.37,79,100,1.85,light rain
170,Kodiak,US,57.79,-152.4072,-9.27,57,90,6.17,overcast clouds
171,Aklavik,CA,68.2191,-135.0107,-31.0,76,90,2.57,overcast clouds
172,Enterprise,US,36.0252,-115.2419,19.25,23,20,0.45,few clouds
173,Sevierville,US,35.8681,-83.5618,18.5,57,1,2.06,clear sky
174,Port Alfred,ZA,-33.5906,26.891,20.52,85,66,9.13,broken clouds
175,Tautira,PF,-17.7333,-149.15,28.01,78,94,9.24,light rain
176,Presidente Medici,BR,-11.1753,-61.9014,29.33,74,98,1.73,overcast clouds
177,Tombouctou,ML,20.0,-3.0,26.38,13,22,3.29,few clouds
178,Beringovskiy,RU,63.05,179.3167,-2.95,96,100,10.15,snow
179,Turukhansk,RU,65.8167,87.9833,-21.78,87,100,3.22,overcast clouds
180,Oranjemund,NA,-28.55,16.4333,17.24,81,0,6.05,clear sky
181,Severo-Kurilsk,RU,50.6789,156.125,6.67,92,100,16.51,heavy intensity rain
182,Clyde River,CA,70.4692,-68.5914,-13.87,85,100,13.89,snow
183,Pisco,PE,-13.7,-76.2167,21.12,73,0,4.63,clear sky
184,Vila Do Maio,CV,15.1333,-23.2167,24.44,67,100,8.62,overcast clouds
185,Bambous Virieux,MU,-20.3428,57.7575,25.14,78,40,3.6,light rain
186,Cidreira,BR,-30.1811,-50.2056,21.3,65,71,5.76,broken clouds
187,Huarmey,PE,-10.0681,-78.1522,22.04,73,69,4.51,broken clouds
188,Bogalusa,US,30.791,-89.8487,22.22,56,1,2.57,clear sky
189,Luoyang,CN,34.6836,112.4536,3.43,34,9,2.45,clear sky
190,Bonavista,CA,48.6499,-53.1147,5.62,63,97,6.71,overcast clouds
191,La Romana,DO,18.4273,-68.9728,31.2,55,40,6.17,scattered clouds
192,Manaure,CO,11.7751,-72.4445,31.46,52,85,6.12,overcast clouds
193,Nouadhibou,MR,20.931,-17.0347,20.99,56,7,6.17,clear sky
194,Quang Ngai,VN,15.1167,108.8,20.31,86,73,3.51,broken clouds
195,Shirokiy,RU,49.758,129.523,-28.33,100,9,1.26,clear sky
196,Dikson,RU,73.5069,80.5464,-22.17,97,100,7.49,overcast clouds
197,Saint-Pierre,RE,-21.3393,55.4781,24.82,69,0,5.14,clear sky
198,Ribeira Grande,PT,38.5167,-28.7,18.22,82,75,2.57,broken clouds
199,Golspie,GB,57.9727,-3.978,5.21,84,74,7.86,moderate rain
200,Busayra,JO,30.7376,35.6078,10.59,82,100,4.88,overcast clouds
201,Qasigiannguit,GL,68.8193,-51.1922,4.14,82,100,10.89,moderate rain
202,Nanma,CN,36.1817,118.1583,0.29,51,1,2.06,clear sky
203,Lyubech,UA,51.7026,30.6569,-2.19,86,10,3.64,clear sky
204,Khatanga,RU,71.9667,102.5,-34.66,99,99,1.75,overcast clouds
205,Manzhouli,CN,49.6,117.4333,-5.36,75,98,12.32,overcast clouds
206,Kungurtug,RU,50.5994,97.5228,-17.85,94,21,0.72,few clouds
207,Mount Gambier,AU,-37.8333,140.7667,12.95,100,90,3.6,overcast clouds
208,Hasaki,JP,35.7333,140.8333,9.22,50,17,6.6,few clouds
209,Santa Cruz Del Sur,CU,20.7147,-77.9956,29.9,51,2,3.84,clear sky
210,Bethel,US,41.3712,-73.414,8.91,54,1,1.34,clear sky
211,Hilo,US,19.7297,-155.09,23.49,91,20,3.09,few clouds
212,Jussara,BR,-23.6214,-52.4694,32.98,27,1,2.87,clear sky
213,Souillac,MU,-20.5167,57.5167,25.21,78,40,3.6,light rain
214,Sendafa,ET,9.15,39.0333,10.66,55,96,1.12,overcast clouds
215,Saskylakh,RU,71.9167,114.0833,-36.73,100,99,0.84,overcast clouds
216,Conakry,GN,9.538,-13.6773,30.2,74,20,5.14,few clouds
217,Ludvika,SE,60.1496,15.1878,-9.42,67,100,0.59,overcast clouds
218,Pareora,NZ,-44.4871,171.2132,13.43,97,92,4.59,overcast clouds
219,Taoudenni,ML,22.6783,-3.9836,23.47,11,95,5.02,overcast clouds
220,San Jacinto,US,33.7839,-116.9586,28.32,13,1,0.17,clear sky
221,Abilene,US,32.4487,-99.7331,22.93,34,1,0.45,clear sky
222,Upernavik,GL,72.7868,-56.1549,-4.82,66,100,3.51,overcast clouds
223,Manokwari,ID,-0.8667,134.0833,26.18,81,99,2.12,heavy intensity rain
224,Aleksandriya,RU,45.0947,43.2456,2.96,65,28,1.99,scattered clouds
225,Zatyshshya,UA,47.3335,29.8733,0.48,74,56,1.01,broken clouds
226,Marsh Harbour,BS,26.5412,-77.0636,24.15,65,3,6.71,clear sky
227,Dakar,SN,14.6937,-17.4441,27.49,73,100,2.06,dust
228,Sumbe,AO,-11.2061,13.8437,25.96,86,75,2.94,broken clouds
229,Quatre Cocos,MU,-20.2078,57.7625,25.06,76,44,5.12,light rain
230,Castro,BR,-24.7911,-50.0119,29.12,33,0,1.56,clear sky
231,Puerto Ayora,EC,-0.7393,-90.3518,24.98,75,73,4.21,broken clouds
232,Sept-Iles,CA,50.2001,-66.3821,-2.75,62,90,2.06,overcast clouds
233,Vestmanna,FO,62.1564,-7.1664,-0.49,80,90,10.29,light snow
234,San Patricio,US,28.017,-97.5169,26.04,58,94,2.89,overcast clouds
235,Husavik,IS,66.0449,-17.3389,-6.05,94,100,5.59,overcast clouds
236,Excelsior Springs,US,39.3392,-94.2261,16.58,50,1,1.54,clear sky
237,Ancud,CL,-41.8697,-73.8203,13.74,58,95,6.22,overcast clouds
238,Bengkulu,ID,-3.8004,102.2655,23.71,87,59,1.72,broken clouds
239,Maniitsoq,GL,65.4167,-52.9,1.56,92,100,14.12,light rain
240,Moose Factory,CA,51.2585,-80.6094,-12.0,72,1,4.63,clear sky
241,Sioux Lookout,CA,50.1001,-91.917,-2.96,100,90,2.57,light snow
242,Anloga,GH,5.7947,0.8973,30.12,74,56,4.87,broken clouds
243,Sarangani,PH,5.4033,125.4636,27.98,77,98,5.43,overcast clouds
244,Lloydminster,CA,53.2835,-110.0016,4.82,56,75,7.72,broken clouds
245,Guerrero Negro,MX,27.9769,-114.0611,21.82,52,0,0.49,clear sky
246,Honiara,SB,-9.4333,159.95,25.16,87,91,1.48,overcast clouds
247,Petropavlovsk-Kamchatskiy,RU,53.0452,158.6483,-4.67,100,90,4.0,snow
248,Coquimbo,CL,-29.9533,-71.3436,18.85,59,0,6.17,clear sky
249,Nanortalik,GL,60.1432,-45.2371,0.81,97,99,14.57,snow
250,Aripuana,BR,-9.1667,-60.6333,24.23,97,100,1.51,overcast clouds
251,Caravelas,BR,-17.7125,-39.2481,27.79,79,86,4.37,light rain
252,Olavarria,AR,-36.8927,-60.3225,25.07,34,25,4.17,scattered clouds
253,Pemberton,CA,50.3164,-122.8027,10.92,100,100,4.28,overcast clouds
254,Cap-Aux-Meules,CA,47.3821,-61.8597,0.03,64,75,6.69,light shower snow
255,San Cristobal,VE,7.7669,-72.225,24.1,38,77,1.33,broken clouds
256,Monterey,US,36.2505,-121.2516,17.28,32,0,1.52,clear sky
257,Ponta Delgada,PT,37.7333,-25.6667,19.72,82,40,6.17,scattered clouds
258,Katobu,ID,-4.9408,122.5276,24.98,91,100,1.37,light rain
259,Kandla,IN,23.0333,70.2167,22.39,60,100,6.39,overcast clouds
260,Athabasca,CA,54.7169,-113.2854,4.9,67,78,6.17,broken clouds
261,Mahebourg,MU,-20.4081,57.7,25.16,78,40,3.6,light rain
262,Skibbereen,IE,51.55,-9.2667,5.89,80,14,10.26,light rain
263,Rio Piracicaba,BR,-19.9292,-43.1742,26.28,73,64,2.34,broken clouds
264,Poum,NC,-20.2333,164.0167,26.99,79,8,4.88,clear sky
265,Uribia,CO,11.7139,-72.266,32.65,43,66,7.59,broken clouds
266,Mossendjo,CG,-2.9506,12.7261,21.54,98,100,1.11,moderate rain
267,Los Llanos De Aridane,ES,28.6585,-17.9182,17.29,74,40,0.89,volcanic ash
268,Susangerd,IR,31.5608,48.1831,21.01,44,100,4.73,overcast clouds
269,Bunia,CD,1.5667,30.25,19.79,69,100,0.5,overcast clouds
270,Auburn,US,47.3073,-122.2284,14.69,81,75,0.45,broken clouds
271,Borba,BR,-4.3878,-59.5939,29.56,78,90,0.77,overcast clouds
272,Visnes,NO,59.3556,5.2242,1.01,80,0,2.57,clear sky
273,Lagoa,PT,39.05,-27.9833,17.4,83,42,6.39,scattered clouds
274,Idlib,SY,35.9306,36.6339,11.66,59,12,3.66,few clouds
275,Umm Lajj,SA,25.0213,37.2685,25.38,66,2,4.45,clear sky
276,Bonthe,SL,7.5264,-12.505,27.64,74,61,3.34,broken clouds
277,Ostrovnoy,RU,68.0531,39.5131,-3.87,81,100,15.65,light snow
278,Saint George,US,37.1041,-113.5841,17.42,34,1,1.54,clear sky
279,Saldanha,ZA,-33.0117,17.9442,16.51,75,57,11.6,broken clouds
280,Aykhal,RU,66.0,111.5,-24.33,98,100,1.52,overcast clouds
281,Saint-Francois,FR,46.4154,3.9054,8.6,85,75,2.57,broken clouds
282,Tyssedal,NO,60.1165,6.562,0.48,75,48,2.3,scattered clouds
283,Sabha,LY,27.0377,14.4283,15.74,25,98,3.58,overcast clouds
284,Fairbanks,US,64.8378,-147.7164,-18.84,77,90,0.0,light snow
285,Belmonte,BR,-15.8631,-38.8828,28.28,75,63,6.33,broken clouds
286,Evensk,RU,61.95,159.2333,-23.79,79,95,5.71,overcast clouds
287,Svetlogorsk,BY,52.6333,29.7333,-4.95,95,36,2.76,scattered clouds
288,San Rafael,AR,-34.6177,-68.3301,28.25,32,15,4.36,few clouds
289,Tazovskiy,RU,67.4667,78.7,-26.41,95,82,4.37,broken clouds
290,Chokurdakh,RU,70.6333,147.9167,-30.21,100,98,3.41,overcast clouds
291,Millerovo,RU,48.9226,40.3967,0.0,93,100,4.9,light snow
292,Saravan,AM,39.7196,45.6483,2.36,89,100,2.86,overcast clouds
293,Camocim,BR,-2.9022,-40.8411,31.12,59,63,8.41,broken clouds
294,Santa Vitoria,BR,-18.8386,-50.1214,29.7,61,58,3.51,broken clouds
295,Nalut,LY,30.3333,10.85,14.27,29,27,2.53,scattered clouds
296,Xinzhi,CN,36.4989,111.7047,1.88,27,2,0.62,clear sky
297,Vilhena,BR,-12.7406,-60.1458,22.12,100,75,2.06,broken clouds
298,Yarada,IN,17.65,83.2667,23.18,73,20,1.03,mist
299,Rio Grande,BR,-32.035,-52.0986,23.3,61,49,5.66,scattered clouds
300,Zhezkazgan,KZ,47.8043,67.7144,-1.78,76,100,4.92,overcast clouds
301,Lavrentiya,RU,65.5833,-171.0,-24.81,89,5,3.39,clear sky
302,Hami,CN,42.8,93.45,-3.17,57,4,1.07,clear sky
303,Katsuura,JP,35.1333,140.3,10.08,54,23,4.58,few clouds
304,Lima,PE,-12.0432,-77.0282,21.19,73,90,3.09,overcast clouds
305,Terrak,NO,65.087,12.3715,-1.99,92,75,1.19,broken clouds
306,Vila Velha,BR,-20.3297,-40.2925,27.97,85,0,2.57,clear sky
307,Yumen,CN,40.2833,97.2,-5.56,39,0,0.89,clear sky
308,Qaqortoq,GL,60.7167,-46.0333,3.28,89,94,14.07,light rain
309,Caibarien,CU,22.5206,-79.4669,27.62,66,35,5.3,scattered clouds
310,Homer,US,59.6425,-151.5483,-8.06,76,90,8.23,light snow
311,Santa Cruz,BO,-17.8,-63.1667,30.03,58,40,6.69,scattered clouds
312,Diamantino,BR,-14.4086,-56.4461,29.19,69,100,1.19,overcast clouds
313,Swellendam,ZA,-34.0226,20.4417,16.9,74,92,3.69,light rain
314,Guadalupe Y Calvo,MX,26.1,-106.9667,17.42,37,87,1.16,overcast clouds
315,Yulara,AU,-25.2406,130.9889,25.91,24,0,3.6,clear sky
316,Fochville,ZA,-26.4886,27.4939,21.37,60,97,5.72,overcast clouds
317,Poarta Alba,RO,44.2167,28.4,3.13,93,0,2.57,clear sky
318,Nago,JP,26.5881,127.9761,18.09,65,98,7.03,overcast clouds
319,Barabai,ID,-2.5833,115.3833,23.37,92,90,0.58,light rain
320,Salamiyah,SY,35.0113,37.0532,12.57,66,48,8.46,scattered clouds
321,Arlit,NE,18.7369,7.3853,26.2,13,82,4.61,broken clouds
322,Medianeira,BR,-25.2953,-54.0939,30.04,24,0,1.68,clear sky
323,Innisfail,AU,-17.5333,146.0333,24.82,91,8,2.1,clear sky
324,Santiago Del Estero,AR,-27.7951,-64.2615,36.26,21,0,4.94,clear sky
325,Launceston,AU,-41.45,147.1667,15.08,91,5,0.0,clear sky
326,Mosalsk,RU,54.4881,34.9817,-5.87,84,100,5.12,overcast clouds
327,Makakilo City,US,21.3469,-158.0858,24.05,79,1,2.06,light rain
328,Harper,LR,4.375,-7.7169,27.4,76,98,3.2,overcast clouds
329,Ormara,PK,25.2088,64.6357,24.39,50,0,4.18,clear sky
330,Chaadayevka,RU,53.1427,45.9122,-0.75,78,72,4.72,broken clouds
331,Porbandar,IN,21.6422,69.6093,21.98,78,100,6.05,overcast clouds
332,Norrtalje,SE,59.758,18.705,-0.55,72,92,0.62,overcast clouds
333,Mingguang,CN,32.7802,117.9638,3.12,33,0,2.04,clear sky
334,Prince Rupert,CA,54.3161,-130.3201,7.83,82,90,5.66,moderate rain
335,Inuvik,CA,68.3499,-133.7218,-30.98,68,75,0.0,light snow
336,Victor Harbor,AU,-35.5667,138.6167,18.22,83,65,2.07,broken clouds
337,Pangnirtung,CA,66.1451,-65.7125,-9.0,79,75,6.17,light snow
338,Nata,PA,8.3333,-80.5167,24.93,74,100,3.3,overcast clouds
339,Cap Malheureux,MU,-19.9842,57.6142,25.27,72,8,1.34,clear sky
340,Robstown,US,27.7903,-97.6689,25.88,63,75,0.89,broken clouds
341,Faanui,PF,-16.4833,-151.75,27.21,76,100,9.53,light rain
342,Samarai,PG,-10.6167,150.6667,28.07,83,98,5.32,overcast clouds
343,Maneadero,MX,31.7167,-116.5667,22.33,31,56,1.39,broken clouds
344,Atbasar,KZ,51.8,68.3333,-2.45,74,100,5.92,overcast clouds
345,Mondlo,ZA,-27.983,30.7177,20.56,74,45,3.74,scattered clouds
346,Shenjiamen,CN,29.9576,122.298,9.82,66,100,7.38,overcast clouds
347,La Seyne-Sur-Mer,FR,43.0982,5.8847,12.74,85,100,2.68,overcast clouds
348,Antropovo,RU,58.3988,43.0066,-5.35,91,100,3.57,overcast clouds
349,Jalu,LY,29.0331,21.5482,15.85,54,74,3.35,broken clouds
350,Plouzane,FR,48.3833,-4.6167,8.93,81,75,7.72,broken clouds
351,Ilulissat,GL,69.2167,-51.1,4.01,70,75,8.23,light intensity drizzle
352,Mehran,IR,33.1222,46.1646,20.71,34,100,8.76,overcast clouds
353,Boyolangu,ID,-8.1181,111.8935,24.53,89,100,1.28,overcast clouds
354,Moyale,KE,3.5167,39.0584,21.56,42,99,4.01,overcast clouds
355,Touros,BR,-5.1989,-35.4608,31.5,60,65,6.27,broken clouds
356,Cabo San Lucas,MX,22.8909,-109.9124,28.62,60,1,1.54,clear sky
357,Talnakh,RU,69.4865,88.3972,-29.98,97,87,2.97,overcast clouds
358,Rocha,UY,-34.4833,-54.3333,21.11,51,41,4.89,scattered clouds
359,Guarapari,BR,-20.6667,-40.4975,27.94,83,78,2.45,broken clouds
360,Bud,US,39.447,-86.1758,7.91,93,100,1.39,overcast clouds
361,Lagos,NG,6.5833,3.75,30.18,79,47,3.31,scattered clouds
362,Kaeo,NZ,-35.1,173.7833,16.29,94,100,1.17,overcast clouds
363,Hukuntsi,BW,-24.0,21.75,23.78,49,87,9.01,light rain
364,Roding,DE,49.1964,12.5186,7.55,88,100,6.38,light rain
365,Katherine,AU,-14.4667,132.2667,30.18,51,100,1.54,overcast clouds
366,Nebbi,UG,2.4783,31.0889,22.42,63,96,2.63,overcast clouds
367,Karasjok,NO,69.4719,25.5112,-1.94,81,100,12.08,light snow
368,Faya,SA,18.3851,42.4509,14.06,32,0,0.84,clear sky
369,Hammerfest,NO,70.6634,23.6821,0.85,93,40,10.8,light shower snow
370,Sebinkarahisar,TR,40.2883,38.4236,0.55,70,16,1.69,light snow
371,Longjiang,CN,47.3303,123.1836,-5.89,69,99,5.57,overcast clouds
372,Bilma,NE,18.6853,12.9164,24.75,16,3,3.99,clear sky
373,Flin Flon,CA,54.7682,-101.865,-9.09,86,90,3.6,light snow
374,Dolores,AR,-36.3132,-57.6792,22.07,38,100,5.73,overcast clouds
375,Puro,PH,12.4841,123.3827,26.14,85,99,5.18,moderate rain
376,Tampere,FI,61.4991,23.7871,-9.91,87,0,1.03,clear sky
377,Vanimo,PG,-2.6741,141.3028,25.08,88,93,1.12,overcast clouds
378,Bandarbeyla,SO,9.4942,50.8122,25.63,62,12,9.31,few clouds
379,Floro,NO,61.5996,5.0328,-1.96,86,20,2.57,few clouds
380,Shahreza,IR,32.0339,51.8794,12.59,34,100,2.11,overcast clouds
381,Nelson Bay,AU,-32.7167,152.15,20.0,96,79,2.9,broken clouds
382,Soure,BR,-0.7167,-48.5233,29.66,66,98,5.37,overcast clouds
383,Ilebo,CD,-4.3167,20.5833,21.03,99,99,1.15,overcast clouds
384,Sitka,US,57.0531,-135.33,4.94,70,90,5.66,light rain
385,Mathbaria,BD,22.2876,89.9593,19.15,60,8,1.92,clear sky
386,Nhulunbuy,AU,-12.2333,136.7667,27.34,83,77,0.0,broken clouds
387,Oyama,JP,36.3,139.8,11.44,38,7,3.84,clear sky
388,Berlevag,NO,70.8578,29.0864,0.97,69,75,14.92,light shower snow
389,Nioro,GM,13.35,-15.75,33.78,16,71,2.52,broken clouds
390,George,ZA,-33.963,22.4617,17.75,88,75,3.09,light rain
391,Chuguyevka,RU,44.1653,133.8633,-13.26,83,96,5.99,overcast clouds
392,Belaya Gora,RU,68.5333,146.4167,-37.79,100,99,1.27,overcast clouds
393,Naryan-Mar,RU,67.6713,53.087,-11.59,93,100,7.97,light snow
394,Grants,US,35.1473,-107.8514,7.13,33,1,3.6,clear sky
395,Sierra Vista,US,31.5545,-110.3037,20.42,35,1,0.0,clear sky
396,Comodoro Rivadavia,AR,-45.8667,-67.5,26.92,13,0,6.69,clear sky
397,Matamoros,MX,25.5333,-103.25,22.06,43,40,2.06,scattered clouds
398,Novoagansk,RU,61.9449,76.6625,-0.27,96,100,4.68,overcast clouds
399,Sitia,GR,35.2,26.0986,14.99,60,17,6.72,few clouds
400,Karratha,AU,-20.7377,116.8463,29.66,32,5,5.83,light rain
401,Vardo,NO,70.3705,31.1107,0.99,60,75,16.46,broken clouds
402,Seydi,TM,39.4816,62.9137,17.6,23,91,10.59,overcast clouds
403,Broome,US,42.2506,-75.833,5.35,59,40,1.34,scattered clouds
404,Anzhero-Sudzhensk,RU,56.081,86.0285,-8.19,87,100,4.76,overcast clouds
405,Say,NE,13.1007,2.3689,35.31,14,20,3.82,few clouds
406,Oskemen,KZ,49.9565,82.6119,-10.02,73,15,2.0,few clouds
407,Emet,TR,39.343,29.2585,1.46,77,33,1.9,scattered clouds
408,Ibipora,BR,-23.2692,-51.0481,34.4,27,0,5.14,clear sky
409,Jarvenpaa,FI,60.4737,25.0899,-8.4,87,0,2.06,clear sky
410,Salalah,OM,17.0151,54.0924,25.05,47,0,2.57,clear sky
411,Kishtwar,IN,33.3167,75.7667,8.02,38,100,2.32,overcast clouds
412,Vila Franca Do Campo,PT,37.7167,-25.4333,20.11,80,64,4.15,broken clouds
413,Westport,US,41.1415,-73.3579,10.23,50,1,0.45,clear sky
414,Camana,PE,-16.6228,-72.7111,21.63,67,81,4.0,broken clouds
415,Bathsheba,BB,13.2167,-59.5167,30.34,70,40,10.29,scattered clouds
416,Khani,GE,41.9563,42.9566,1.76,91,97,1.13,overcast clouds
417,Wasilla,US,61.5814,-149.4394,-5.32,84,90,0.0,light snow
418,Dunmore,US,41.4198,-75.6324,6.29,65,20,0.45,few clouds
419,Valdivia,CL,-39.8142,-73.2459,15.05,66,99,2.75,overcast clouds
420,Marystown,CA,47.1666,-55.1483,5.48,100,71,2.24,broken clouds
421,Marzuq,YE,14.4,46.4667,16.56,26,0,0.63,clear sky
422,Santo Domingo Suchitepequez,GT,14.4667,-91.4833,32.26,44,1,1.89,clear sky
423,Sao Joao Da Barra,BR,-21.6403,-41.0511,30.05,79,59,0.38,broken clouds
424,Puerto Carreno,CO,6.189,-67.4859,34.72,42,38,3.85,scattered clouds
425,Kitzbuhel,AT,47.4464,12.3922,4.98,92,91,2.04,overcast clouds
426,Masyaf,SY,35.0653,36.3406,15.03,73,10,10.11,clear sky
427,Walvis Bay,NA,-22.9575,14.5053,23.53,46,0,8.23,clear sky
428,Dalvik,IS,65.9702,-18.5286,-6.04,90,100,3.42,overcast clouds
429,Atar,MR,20.5169,-13.0499,27.78,12,71,4.32,broken clouds
430,Hithadhoo,MV,-0.6,73.0833,27.74,73,100,1.55,overcast clouds
431,Zyryanka,RU,65.75,150.85,-36.97,98,26,3.17,scattered clouds
432,Kaitangata,NZ,-46.2817,169.8464,10.0,95,37,1.23,scattered clouds
433,Dauphin,CA,51.1494,-100.0502,6.08,65,75,10.8,broken clouds
434,Kihei,US,20.785,-156.4656,24.36,88,20,1.54,light rain
435,College,US,64.8569,-147.8028,-19.03,77,90,0.0,light snow
436,Lompoc,US,34.6391,-120.4579,29.52,29,1,3.09,clear sky
437,Garowe,SO,8.4054,48.4845,22.91,44,21,7.22,few clouds
438,Saint-Alexandre,FR,44.2278,4.6214,7.39,89,100,1.4,overcast clouds
439,Muriti,TZ,-1.9833,32.9167,24.06,77,65,3.28,light rain
440,Vammala,FI,61.3333,22.9,-6.31,96,10,0.83,clear sky
441,Janakpur,NP,26.7183,85.9065,19.5,56,80,1.39,broken clouds
442,Jaisalmer,IN,26.9147,70.9181,21.47,29,100,3.19,overcast clouds
443,Alfredo Chaves,BR,-20.635,-40.7497,27.79,82,81,1.76,broken clouds
444,Changli,CN,39.7042,119.1506,-0.34,51,0,3.53,clear sky
445,Sakakah,SA,29.9697,40.2064,18.76,53,100,2.39,overcast clouds
446,Staryy Nadym,RU,65.6118,72.6842,-17.58,95,99,5.21,overcast clouds
447,Arkhangelsk,RU,64.5401,40.5433,-9.94,85,90,2.0,light shower snow
448,Fort Nelson,CA,58.8053,-122.7002,-24.23,84,40,0.0,scattered clouds
449,Roebourne,AU,-20.7833,117.1333,30.71,27,8,4.75,clear sky
450,Pilar,BR,-9.5972,-35.9567,31.96,48,79,6.33,broken clouds
451,Baracoa,CU,20.3467,-74.4958,27.52,67,59,3.83,broken clouds
452,Nalgonda,IN,17.05,79.2667,21.72,79,48,4.27,scattered clouds
453,Palu,ID,-0.8917,119.8707,24.41,82,100,1.2,overcast clouds
454,Kande,TG,9.9578,1.0447,33.19,15,27,2.05,scattered clouds
455,Sur,OM,22.5667,59.5289,23.62,65,3,3.9,clear sky
456,Maebaru,JP,33.55,130.2,5.82,61,15,3.35,few clouds
457,Arica,CL,-18.475,-70.3042,25.75,60,0,6.69,clear sky
458,San Mateo,US,37.4499,-122.3511,17.98,71,1,0.45,haze
459,Kahului,US,20.8947,-156.47,24.36,88,20,1.54,moderate rain
460,Gat,IL,31.61,34.7642,18.38,100,70,5.91,broken clouds
461,Shushtar,IR,32.0455,48.8567,21.29,46,95,3.33,overcast clouds
462,Kruisfontein,ZA,-34.0033,24.7314,20.49,92,6,1.67,light rain
463,Solwezi,ZM,-12.1688,26.3894,20.59,62,93,2.17,overcast clouds
464,Marsa Matruh,EG,31.3525,27.2453,18.11,59,40,6.17,scattered clouds
465,Tahoua,NE,14.8888,5.2692,32.99,11,4,3.6,clear sky
466,Kuvandyk,RU,51.4781,57.3552,2.52,94,70,3.77,broken clouds
467,Sembe,CG,1.6481,14.5806,24.34,81,97,0.78,overcast clouds
468,Chaman,PK,30.9236,66.4512,10.05,36,0,1.11,clear sky
469,Lata,PT,40.1629,-8.3327,12.23,91,100,3.77,overcast clouds
470,Semey,KZ,50.4111,80.2275,-5.48,71,4,5.53,clear sky
471,Goundam,ML,16.4145,-3.6708,29.64,7,47,3.14,scattered clouds
472,Vestmannaeyjar,IS,63.4427,-20.2734,0.55,74,0,3.09,clear sky
473,Asuncion,PY,-25.3007,-57.6359,31.69,35,0,3.09,clear sky
474,Manggar,ID,-2.8833,108.2667,26.4,81,55,0.6,broken clouds
475,Provideniya,RU,64.3833,-173.3,-19.87,68,0,1.76,clear sky
476,Kontagora,NG,10.3999,5.4695,28.74,17,98,1.86,overcast clouds
477,Prince George,CA,53.9166,-122.753,3.12,81,90,6.17,overcast clouds
478,Dongsheng,CN,39.8161,109.9776,-6.73,53,0,6.56,clear sky
479,Hailar,CN,49.2,119.7,-5.23,90,100,10.11,light snow
480,Maxixe,MZ,-23.8597,35.3472,24.9,78,40,3.09,scattered clouds
481,Price,US,39.5994,-110.8107,8.59,29,1,1.54,clear sky
482,Sobolevo,RU,54.4299,31.8996,-5.48,94,99,4.23,overcast clouds
483,Trincomalee,LK,8.5711,81.2335,26.72,77,4,1.66,clear sky
484,Teresina,BR,-5.0892,-42.8019,33.84,49,40,4.12,scattered clouds
485,Stanger,ZA,-29.3282,31.2895,22.77,91,49,2.51,scattered clouds
486,Tuatapere,NZ,-46.1333,167.6833,11.01,90,5,0.93,clear sky
487,Euclides Da Cunha,BR,-10.5075,-39.0158,34.22,29,99,1.89,overcast clouds
488,Darnah,LY,32.767,22.6367,16.68,55,94,6.37,overcast clouds
489,Kurkino,RU,53.4257,38.6582,-1.94,68,99,5.8,overcast clouds
490,Batemans Bay,AU,-35.7167,150.1833,18.28,94,9,1.59,clear sky
491,Caldas Novas,BR,-17.7417,-48.625,27.77,68,76,2.56,broken clouds
492,Mitsamiouli,KM,-11.3847,43.2844,27.16,69,20,2.57,few clouds
493,Tumbagaan,PH,5.3656,120.3139,26.47,83,99,5.2,light rain
494,Hambantota,LK,6.1241,81.1185,25.09,82,4,1.9,clear sky
495,Constitucion,CL,-35.3333,-72.4167,17.44,62,63,6.07,broken clouds
496,Gao,ML,16.6362,1.637,27.63,12,32,4.34,scattered clouds
497,Kirakira,SB,-10.4544,161.9205,26.17,82,93,1.23,overcast clouds
498,Smithers,CA,54.7804,-127.1743,-2.82,93,20,1.54,few clouds
499,Semirom,IR,31.4167,51.5667,6.48,46,98,2.64,overcast clouds
500,Camacha,PT,33.0833,-16.3333,17.68,63,40,4.12,scattered clouds
501,Arefu,RO,45.3333,24.6,2.05,88,91,1.53,overcast clouds
502,Henties Bay,NA,-22.116,14.2845,18.25,85,2,5.08,clear sky
503,Codrington,AU,-38.2667,141.9667,12.72,96,2,0.72,clear sky
504,Daura,NG,11.5538,11.4085,27.57,18,44,5.21,scattered clouds
505,Fayetteville,US,35.0527,-78.8784,19.38,37,1,1.79,clear sky
506,Kantilo,IN,20.35,85.1833,17.92,64,22,0.69,few clouds
507,Marshall,US,34.3834,-86.3333,18.38,58,1,1.34,clear sky
508,Khuzhir,RU,53.1939,107.3397,-4.6,58,74,7.26,broken clouds
509,Kralendijk,BQ,12.15,-68.2667,27.99,83,20,7.72,few clouds
510,Gari,RU,59.4307,62.3497,1.32,94,100,5.59,moderate rain
511,Itaituba,BR,-4.2761,-55.9836,32.09,66,40,2.06,scattered clouds
512,Hermosillo,MX,29.0667,-110.9667,26.62,42,1,1.34,clear sky
513,Kutno,PL,52.2306,19.3641,4.45,96,100,8.04,overcast clouds
514,Ibra,OM,22.6906,58.5334,20.71,59,19,2.25,few clouds
515,Riyadh,SA,24.6877,46.7219,20.08,25,23,4.06,few clouds
516,Veraval,IN,20.9,70.3667,21.86,83,100,7.91,overcast clouds
517,Yinchuan,CN,38.4681,106.2731,-1.78,32,0,1.52,clear sky
518,Jacupiranga,BR,-24.6925,-48.0022,28.52,58,59,3.76,broken clouds
519,Sasykoli,RU,47.5515,46.9968,2.51,78,66,5.3,broken clouds
520,Dicabisagan,PH,17.0818,122.4157,23.15,87,99,6.16,overcast clouds
521,Okhotsk,RU,59.3833,143.3,-23.63,88,99,9.7,overcast clouds
522,Matara,LK,5.9485,80.5353,24.67,88,76,1.8,broken clouds
523,Macau,MO,22.2006,113.5461,16.85,45,0,7.72,clear sky
524,Yuncheng,CN,35.0231,110.9928,1.53,48,20,1.91,few clouds
525,Sao Raimundo Das Mangabeiras,BR,-7.0219,-45.4811,29.8,64,100,1.32,overcast clouds
526,Xingyi,CN,24.1877,102.817,6.8,91,97,0.81,overcast clouds
527,Omboue,GA,-1.5746,9.2618,25.69,87,88,3.7,moderate rain
528,Lexington,US,37.9887,-84.4777,12.36,64,75,0.45,broken clouds
529,Tiarei,PF,-17.5333,-149.3333,27.78,78,97,9.12,light rain
530,Yaan,NG,7.3833,8.5667,29.97,17,84,1.86,broken clouds
531,Mackay,AU,-21.15,149.2,23.36,100,8,2.06,clear sky
532,Pauini,BR,-7.7136,-66.9764,30.55,59,100,1.46,overcast clouds
533,La Ronge,CA,55.1001,-105.2842,-7.86,86,90,4.12,light snow
534,Haines Junction,CA,60.7522,-137.5108,-20.03,84,100,1.54,overcast clouds
535,Lucapa,AO,-8.4192,20.7447,19.81,97,100,1.41,light rain
536,Ballangen,NO,68.3428,16.8315,-2.16,85,75,0.51,broken clouds
537,La Palma,US,33.8464,-118.0467,30.37,100,90,0.0,fog
538,Scarborough,GB,54.2797,-0.4044,5.51,86,93,4.02,overcast clouds
539,Aanekoski,FI,62.6946,25.818,-6.62,89,99,3.26,overcast clouds
540,Erenhot,CN,43.6475,111.9767,-5.01,56,4,7.58,clear sky
541,Carballo,ES,43.213,-8.691,12.15,87,100,3.82,overcast clouds
542,Maumere,ID,-8.6199,122.2111,27.28,78,100,1.32,overcast clouds
543,Tambun,ID,-6.2641,107.0712,28.05,71,74,1.4,broken clouds
544,Kovur,IN,14.4833,79.9833,24.64,72,88,3.3,overcast clouds
545,Channel-Port Aux Basques,CA,47.5702,-59.1367,2.16,68,100,7.52,overcast clouds
546,Necochea,AR,-38.5473,-58.7368,26.13,31,27,4.17,scattered clouds
547,Burns Lake,CA,54.2331,-125.7533,-5.32,90,85,1.6,overcast clouds
548,Broken Hill,AU,-31.95,141.4333,23.84,43,28,7.2,scattered clouds
549,Baisha,CN,26.5222,110.9311,6.93,60,34,0.74,scattered clouds
550,Abha,SA,18.2164,42.5053,13.9,77,0,2.06,clear sky
551,Teknaf,BD,20.8624,92.3058,21.81,78,14,1.81,few clouds
552,Charters Towers,AU,-20.1,146.2667,24.9,75,0,2.47,clear sky
553,Alice Springs,AU,-23.7,133.8833,19.75,56,0,0.0,clear sky
554,Rundu,NA,-17.9333,19.7667,28.59,33,65,2.09,broken clouds
555,Mount Isa,AU,-20.7333,139.5,25.87,21,2,0.51,clear sky
556,Vuktyl,RU,63.8567,57.3094,-7.7,92,100,4.85,overcast clouds
557,Biak,ID,-0.9131,122.8766,25.01,79,100,0.42,overcast clouds
558,Kalabo,ZM,-14.97,22.6814,28.21,25,52,1.84,broken clouds
559,Yaring,TH,6.8662,101.3689,26.83,89,88,7.36,heavy intensity rain
560,Soyo,AO,-6.1349,12.3689,24.03,89,98,0.69,light rain
561,Bichura,RU,50.5881,107.6022,-5.9,93,99,4.13,light snow
562,Manado,ID,1.487,124.8455,24.43,94,40,0.0,moderate rain
563,Khovu-Aksy,RU,51.1333,93.6,-15.19,85,12,2.52,few clouds
564,Kochki,RU,54.3358,80.4806,-11.55,91,28,3.65,scattered clouds
565,Terrace Bay,CA,48.7834,-87.1,-0.21,97,100,7.96,snow
566,Kayes,ML,14.0,-11.0,33.67,10,13,2.21,few clouds
567,Labuhan,ID,-6.8844,112.2051,25.76,84,100,1.49,overcast clouds
568,Mahajanga,MG,-15.7167,46.3167,28.01,78,20,3.6,few clouds
569,Araouane,ML,18.9048,-3.5265,27.12,11,33,3.23,scattered clouds
570,Alamosa,US,37.4695,-105.87,11.86,40,1,0.0,clear sky
571,Nastola,FI,60.95,25.9333,-7.04,92,87,2.65,overcast clouds
572,Tuyen Quang,VN,21.8233,105.2181,13.76,60,94,0.63,overcast clouds
573,Namibe,AO,-15.1961,12.1522,21.37,77,65,2.96,broken clouds
574,Concepcion Del Oro,MX,24.6333,-101.4167,18.65,44,62,1.26,broken clouds
575,Lebedinyy,RU,58.5167,125.5167,-20.75,100,100,0.71,overcast clouds
576,Gunjur,GM,13.2019,-16.7339,29.04,48,97,4.12,overcast clouds
577,Oswego,US,43.4501,-76.1497,5.51,67,99,0.45,overcast clouds
578,Tura,IN,25.5198,90.2201,17.5,69,49,1.5,scattered clouds
579,Jutai,BR,-5.1833,-68.9,24.62,97,99,1.51,overcast clouds
580,Chiredzi,ZW,-21.05,31.6667,29.4,32,1,3.16,clear sky
581,Morehead,US,37.2711,-87.1764,15.08,67,1,0.89,clear sky
582,Yerbogachen,RU,61.2767,108.0108,-25.51,99,80,1.55,broken clouds
583,Half Moon Bay,US,37.4636,-122.4286,20.9,70,1,0.0,clear sky
584,Vernon,CA,50.2581,-119.2691,17.34,51,100,0.45,overcast clouds
585,Kurchum,KZ,48.5722,83.6542,-12.22,79,58,1.43,broken clouds
586,Dromolaxia,CY,34.8761,33.586,15.93,55,0,2.06,clear sky
587,Vavuniya,LK,8.7514,80.4971,22.55,97,1,1.19,clear sky
588,Chibombo,ZM,-14.6569,28.0706,24.39,28,2,2.78,clear sky
589,Kloulklubed,PW,7.0419,134.2556,28.28,79,100,6.91,light rain
590,Dahod,IN,22.8333,74.2667,17.21,60,100,6.94,moderate rain
591,Marrakesh,MA,31.6315,-8.0083,18.04,39,0,2.57,clear sky
592,Ketchikan,US,55.3422,-131.6461,5.26,87,90,6.69,moderate rain
593,Villa Florida,PY,-26.3833,-57.15,31.32,31,0,2.25,clear sky
594,Kimbe,PG,-5.5502,150.1429,24.99,91,70,1.46,broken clouds
595,Bossier City,US,32.516,-93.7321,22.27,64,1,6.17,clear sky
596,Buin,CL,-33.7333,-70.75,28.36,20,1,4.45,clear sky
597,Arman,RU,59.7,150.1667,-19.31,81,100,7.22,overcast clouds
598,Lasa,IT,46.6166,10.7002,4.41,97,91,1.66,overcast clouds
599,Pinega,RU,64.7001,43.3936,-9.04,96,100,2.94,overcast clouds
600,Edd,ER,13.9297,41.6925,28.72,52,0,6.73,clear sky
601,Aquiraz,BR,-3.9014,-38.3911,32.05,59,97,5.87,overcast clouds
602,Tabou,CI,4.423,-7.3528,27.5,76,61,2.98,broken clouds
603,Yarmouth,US,41.7057,-70.2286,10.06,56,1,5.14,clear sky
604,Cravo Norte,CO,6.3017,-70.2041,33.65,40,66,4.84,broken clouds
605,Poltavka,RU,54.3663,71.7632,-4.94,79,100,4.97,overcast clouds
606,Port Keats,AU,-14.25,129.55,29.23,74,100,4.54,overcast clouds
607,Alofi,NU,-19.0595,-169.9187,22.94,94,26,5.14,scattered clouds
608,Big Spring,US,32.2504,-101.4787,22.93,33,1,1.34,clear sky
609,Khor,RU,47.8861,134.9464,-15.66,92,100,6.81,overcast clouds
610,Kuytun,RU,54.3419,101.5036,-5.54,90,100,4.22,overcast clouds
611,Puerto Madero,MX,14.7208,-92.4215,27.64,61,17,1.64,few clouds
612,Mbanza-Ngungu,CD,-5.25,14.8667,19.42,96,100,0.4,overcast clouds
613,Jiwani,PK,25.05,61.7417,24.65,64,0,4.92,clear sky
614,Carmelo,UY,-33.9892,-58.2856,22.89,51,82,5.65,broken clouds
615,Camacupa,AO,-12.0167,17.4833,16.57,98,54,2.28,moderate rain
616,Natal,BR,-5.795,-35.2094,31.36,62,40,7.2,scattered clouds
617,Kapit,MY,2.0167,112.9333,22.64,96,80,0.18,broken clouds
618,Novyy Yarychiv,UA,49.9044,24.3052,1.63,97,100,4.7,light rain
619,Flinders,AU,-34.5833,150.8552,17.67,87,4,0.45,clear sky
620,Chifeng,CN,42.2683,118.9636,-4.18,54,0,5.36,clear sky
621,Kirkenaer,NO,60.4564,12.0582,-7.54,71,100,1.44,overcast clouds
622,Robertsport,LR,6.7533,-11.3686,27.79,74,26,3.0,light rain
623,Uruzgan,AF,32.8333,66.0,6.29,38,0,0.67,clear sky
624,Aras,ES,42.5617,-2.356,7.06,93,75,4.63,broken clouds
625,Hofn,IS,64.2539,-15.2082,-5.99,63,0,3.09,clear sky
626,Camabatela,AO,-8.1881,15.375,17.46,97,94,1.2,overcast clouds
627,Angoram,PG,-4.0625,144.0661,23.01,99,99,0.72,overcast clouds
628,Panlaitan,PH,12.1191,119.8486,27.7,74,83,2.62,broken clouds
629,Dali,CN,25.7,100.1833,7.18,86,20,0.13,few clouds
630,Touba,CI,8.2833,-7.6833,28.9,45,79,0.76,broken clouds
631,Dorogobuzh,RU,54.915,33.2972,-8.67,91,86,3.67,light snow
632,Merauke,ID,-8.4667,140.3333,26.79,81,100,0.51,overcast clouds
633,Pokhara,NP,28.2333,83.9833,15.5,55,99,0.73,overcast clouds
634,Tromso,NO,69.6496,18.957,-0.99,74,75,0.45,light shower snow
635,Damavand,IR,35.7178,52.065,5.91,48,92,0.72,overcast clouds
636,Harnosand,SE,62.6323,17.9379,-9.44,86,54,1.79,broken clouds
637,Bilibino,RU,68.0546,166.4372,-27.03,100,100,1.36,overcast clouds
638,Vila,PT,42.0304,-8.1588,5.74,90,100,1.98,overcast clouds
639,Acarau,BR,-2.8856,-40.12,30.77,60,80,7.59,broken clouds
640,Ashta,IN,23.0167,76.7167,18.7,35,97,3.39,overcast clouds
641,Sulejowek,PL,52.2522,21.269,2.78,94,100,6.74,moderate rain
642,Dogondoutchi,NE,13.6393,4.0287,30.26,13,3,3.63,clear sky
643,Talaya,RU,61.3833,152.75,-38.24,98,90,1.54,overcast clouds
644,Teyateyaneng,LS,-29.1472,27.7489,20.32,21,3,1.68,clear sky
645,Salinopolis,BR,-0.6136,-47.3561,30.1,65,100,5.17,overcast clouds
646,Koslan,RU,63.4564,48.8989,-4.32,93,100,3.64,overcast clouds
647,Ambilobe,MG,-13.2,49.05,25.59,67,29,1.43,scattered clouds
648,Iqaluit,CA,63.7506,-68.5145,-12.15,85,75,4.63,broken clouds
649,Ola,RU,59.5833,151.2833,-15.41,68,100,11.12,overcast clouds
650,Pacific Grove,US,36.6177,-121.9166,22.38,51,1,0.89,clear sky
651,Dangara,IN,29.6799,75.8931,17.49,32,100,2.01,overcast clouds
652,Cozumel,MX,20.5083,-86.9458,24.97,91,17,0.89,few clouds
653,Adrar,MR,20.5022,-10.0711,23.99,10,98,4.22,overcast clouds
654,Mandalgovi,MN,45.7625,106.2708,-5.55,43,1,7.55,clear sky
655,San Carlos De Bariloche,AR,-41.1456,-71.3082,16.86,31,40,13.89,scattered clouds
656,Antequera,ES,37.0194,-4.5612,12.72,72,33,2.62,scattered clouds
657,Shouguang,CN,36.88,118.7375,0.52,46,0,2.53,clear sky
658,Voloshka,RU,61.3314,40.0858,-6.5,95,100,3.13,overcast clouds
659,Zhengjiatun,CN,43.5064,123.5064,-6.8,78,4,6.92,clear sky
660,Juodupe,LT,56.0833,25.6167,-7.46,95,77,2.23,broken clouds
661,Lokosovo,RU,61.1333,74.8167,-0.08,98,100,4.11,light snow
662,Urengoy,RU,65.9667,78.3667,-19.43,96,100,5.06,overcast clouds
663,Linqiong,CN,30.4159,103.4609,7.9,67,50,1.09,scattered clouds
664,Bassano,CA,50.7834,-112.4685,7.13,95,99,3.5,overcast clouds
665,La Orilla,MX,17.9833,-102.2333,29.39,62,28,2.0,scattered clouds
666,Hvide Sande,DK,56.0045,8.1294,1.16,91,100,18.74,light snow
667,Ust-Kuyga,RU,70.0167,135.6,-39.23,100,98,1.65,overcast clouds
668,Sheltozero,RU,61.3667,35.3667,-5.82,91,100,5.15,light snow
669,Saint-Joseph,RE,-21.3667,55.6167,23.21,71,9,5.09,clear sky
670,Methoni,GR,36.8197,21.7049,11.79,63,16,5.45,few clouds
671,Isabela,PH,6.7085,121.9711,25.42,91,100,2.09,very heavy rain
672,Champerico,GT,14.3,-91.9167,33.53,59,8,2.42,clear sky
673,Terney,RU,45.0503,136.6092,-12.69,75,95,6.46,overcast clouds
674,Guaira,BR,-20.3183,-48.3106,31.37,44,53,2.85,broken clouds
675,Agua Buena,PA,7.8167,-80.4,24.52,79,99,2.63,overcast clouds
676,Betioky,MG,-23.7167,44.3833,24.81,51,15,1.88,few clouds
677,Gerash,IR,27.6652,54.1371,16.08,39,15,1.67,few clouds
678,Coahuayana,MX,18.7333,-103.6833,30.69,53,98,1.66,overcast clouds
679,Makaha,US,21.4694,-158.2175,24.81,74,20,4.48,few clouds
680,Kupang,ID,-10.1667,123.5833,26.59,81,100,0.91,overcast clouds
681,Christchurch,NZ,-43.5333,172.6333,13.33,90,75,1.79,broken clouds
682,Mehamn,NO,71.0357,27.8492,1.1,86,75,8.23,light snow
683,Mmabatho,ZA,-25.85,25.6333,25.98,36,0,6.69,clear sky
684,Sao Paulo De Olivenca,BR,-3.3783,-68.8725,28.99,69,97,1.35,overcast clouds
685,Ambunti,PG,-4.2365,142.8448,22.75,99,95,0.4,overcast clouds
686,Makarov,RU,48.6333,142.8,-1.18,80,86,12.48,light snow
687,Porto Novo,BJ,6.4965,2.6036,29.9,77,83,4.15,broken clouds
688,Shar,KZ,49.5886,81.0453,-8.22,78,17,4.83,few clouds
689,Paita,PE,-5.0892,-81.1144,25.31,70,85,6.13,overcast clouds
690,Candido Mendes,BR,-1.4467,-45.7167,31.94,51,74,3.95,broken clouds
691,Melville,US,40.7934,-73.4151,10.29,46,1,1.34,clear sky
692,Tutoia,BR,-2.7619,-42.2744,32.99,63,94,5.23,overcast clouds
693,Shima,CN,24.4478,117.8111,15.12,69,28,1.58,scattered clouds
694,Kitakami,JP,39.2833,141.1167,0.6,89,99,6.95,snow
695,Kailahun,SL,8.2833,-10.5667,25.97,73,77,0.99,broken clouds
696,Grand Falls,CA,47.0461,-67.7418,-2.09,92,75,4.91,light snow
697,Roald,NO,62.5833,6.1333,0.08,93,40,2.57,light snow
698,Margate,GB,51.3813,1.3862,6.64,88,94,0.89,light rain
699,Ileza,RU,61.0533,43.9002,-6.29,95,99,2.87,overcast clouds
700,Novo Aripuana,BR,-5.1206,-60.3797,29.68,71,100,2.03,overcast clouds
701,Dunedin,NZ,-45.8742,170.5036,12.99,92,79,3.98,broken clouds
702,Eskilstuna,SE,59.3666,16.5077,-5.89,92,100,1.34,overcast clouds
703,Nacala,MZ,-14.5428,40.6728,26.66,81,0,4.14,clear sky
704,Namie,JP,37.4833,141.0,5.54,89,4,5.41,clear sky
705,Booue,GA,-0.0921,11.9385,24.19,93,82,0.75,light rain
706,Dudinka,RU,69.4058,86.1778,-30.55,100,90,1.95,overcast clouds
707,Richards Bay,ZA,-28.783,32.0377,24.14,82,20,5.42,few clouds
708,Talara,PE,-4.5772,-81.2719,25.42,61,0,4.63,clear sky
709,Gayeri,BF,12.6497,0.4931,30.26,14,33,3.96,scattered clouds
710,Taguatinga,BR,-12.3857,-46.5711,26.16,78,95,2.15,overcast clouds
711,Durban,ZA,-29.8579,31.0292,23.34,89,57,0.89,broken clouds
712,Soria,ES,41.6667,-2.6667,2.14,94,100,2.55,overcast clouds
713,Anadyr,RU,64.75,177.4833,-11.72,85,90,14.0,heavy shower snow
714,Havre-Saint-Pierre,CA,50.2334,-63.5986,-3.0,54,90,2.06,overcast clouds
715,Wawa,NG,9.9022,4.4192,29.72,21,80,1.41,broken clouds
716,Mantua,IT,45.1667,10.7833,8.72,81,96,1.34,overcast clouds
717,Spearfish,US,44.4908,-103.8594,19.9,28,1,4.02,clear sky
718,Barcelos,PT,41.5388,-8.6151,12.08,85,100,3.94,overcast clouds
719,San Javier,ES,37.8063,-0.8374,15.69,71,0,2.06,clear sky
720,Yar-Sale,RU,66.8333,70.8333,-17.33,96,100,5.12,overcast clouds
721,Boa Vista,BR,2.8197,-60.6733,27.99,78,75,4.12,broken clouds
722,Otane,NZ,-39.8833,176.6333,14.45,96,93,0.43,overcast clouds
723,Leningradskiy,RU,69.3833,178.4167,-31.87,93,68,3.27,broken clouds
724,Kuloy,RU,61.0305,42.4925,-6.98,95,97,2.72,light snow
725,Pincher Creek,CA,49.4833,-113.952,13.96,62,90,14.92,overcast clouds
726,Emilio Carranza,MX,19.9711,-96.6114,24.36,69,82,2.69,broken clouds
727,Batagay-Alyta,RU,67.8006,130.4114,-38.99,97,45,2.02,scattered clouds
728,Kuryk,KZ,43.2,51.65,8.67,74,14,9.96,few clouds
729,Nicolas Bravo,MX,18.45,-88.9167,30.15,47,11,1.53,few clouds
730,Khorol,UA,49.7837,33.2783,-0.93,71,93,5.48,overcast clouds
731,Zhangjiakou,CN,40.81,114.8794,-3.85,48,6,2.47,clear sky
732,Valleyview,CA,55.0667,-117.2859,3.02,56,85,6.17,overcast clouds
733,Barda,AZ,40.3744,47.1267,10.9,51,48,11.63,scattered clouds
734,Belousovka,KZ,50.1339,82.5239,-10.53,73,10,2.0,clear sky
735,Oksfjord,NO,70.2396,22.3479,1.1,73,100,13.79,light snow
736,Jatai,BR,-17.8814,-51.7144,28.28,61,91,3.87,overcast clouds
737,Leshukonskoye,RU,64.8989,45.7622,-5.99,96,100,2.74,light snow
738,La Grande,US,45.3246,-118.0877,15.03,71,32,4.15,scattered clouds
739,Zelenets,RU,61.8849,50.7489,-1.86,93,100,3.3,overcast clouds
740,Saint-Gaudens,FR,43.0833,0.6667,8.62,90,100,2.85,overcast clouds
741,Santa Vitoria Do Palmar,BR,-33.5189,-53.3681,20.92,51,50,4.84,scattered clouds
742,Orlik,RU,52.5178,99.825,-16.88,88,52,1.4,broken clouds
743,Bon Accord,CA,53.8335,-113.4187,5.0,61,75,3.6,broken clouds
